--------------------------------------------------------
-- Archivo creado  - lunes-enero-23-2012   
--------------------------------------------------------
--------------------------------------------------------
--  DDL for Table DISPONIBILIDAD
--------------------------------------------------------

  CREATE TABLE "INFTEL11_30"."DISPONIBILIDAD" 
   (	"ID" NUMBER(*,0), 
	"DESCRIPCION" VARCHAR2(200 BYTE)
   ) SEGMENT CREATION IMMEDIATE 
  PCTFREE 10 PCTUSED 40 INITRANS 1 MAXTRANS 255 NOCOMPRESS LOGGING
  STORAGE(INITIAL 65536 NEXT 1048576 MINEXTENTS 1 MAXEXTENTS 2147483645
  PCTINCREASE 0 FREELISTS 1 FREELIST GROUPS 1 BUFFER_POOL DEFAULT FLASH_CACHE DEFAULT CELL_FLASH_CACHE DEFAULT)
  TABLESPACE "USERS" ;
--------------------------------------------------------
--  DDL for Table EMPLEADOS
--------------------------------------------------------

  CREATE TABLE "INFTEL11_30"."EMPLEADOS" 
   (	"ID_EMPLEADO" NUMBER(*,0), 
	"ID_PERSONA" NUMBER(*,0), 
	"ID_TURNO" NUMBER(*,0)
   ) SEGMENT CREATION IMMEDIATE 
  PCTFREE 10 PCTUSED 40 INITRANS 1 MAXTRANS 255 NOCOMPRESS LOGGING
  STORAGE(INITIAL 65536 NEXT 1048576 MINEXTENTS 1 MAXEXTENTS 2147483645
  PCTINCREASE 0 FREELISTS 1 FREELIST GROUPS 1 BUFFER_POOL DEFAULT FLASH_CACHE DEFAULT CELL_FLASH_CACHE DEFAULT)
  TABLESPACE "USERS" ;
--------------------------------------------------------
--  DDL for Table FAMILIARES
--------------------------------------------------------

  CREATE TABLE "INFTEL11_30"."FAMILIARES" 
   (	"ID_FAMILIAR" NUMBER(*,0), 
	"ID_USUARIO" NUMBER(*,0), 
	"ID_DISPONIBILIDAD" NUMBER(*,0)
   ) SEGMENT CREATION IMMEDIATE 
  PCTFREE 10 PCTUSED 40 INITRANS 1 MAXTRANS 255 NOCOMPRESS LOGGING
  STORAGE(INITIAL 65536 NEXT 1048576 MINEXTENTS 1 MAXEXTENTS 2147483645
  PCTINCREASE 0 FREELISTS 1 FREELIST GROUPS 1 BUFFER_POOL DEFAULT FLASH_CACHE DEFAULT CELL_FLASH_CACHE DEFAULT)
  TABLESPACE "USERS" ;
--------------------------------------------------------
--  DDL for Table INCIDENCIAS
--------------------------------------------------------

  CREATE TABLE "INFTEL11_30"."INCIDENCIAS" 
   (	"INCIDENCIA" NUMBER(*,0), 
	"FECHA" TIMESTAMP (6), 
	"LONGITUD" NUMBER(20,10), 
	"LATITUD" NUMBER(20,10), 
	"ALTITUD" NUMBER(20,10), 
	"TEMPERATURA" FLOAT(126), 
	"NIVEL_BATERIA" NUMBER(*,0), 
	"NUM_SATELITES" NUMBER(*,0), 
	"ID_TINCIDENCIA" NUMBER(*,0), 
	"ID_USUARIO" NUMBER(*,0),
	"ID_EMPLEADO" NUMBER(*,0)
   ) SEGMENT CREATION IMMEDIATE 
  PCTFREE 10 PCTUSED 40 INITRANS 1 MAXTRANS 255 NOCOMPRESS LOGGING
  STORAGE(INITIAL 65536 NEXT 1048576 MINEXTENTS 1 MAXEXTENTS 2147483645
  PCTINCREASE 0 FREELISTS 1 FREELIST GROUPS 1 BUFFER_POOL DEFAULT FLASH_CACHE DEFAULT CELL_FLASH_CACHE DEFAULT)
  TABLESPACE "USERS" ;
--------------------------------------------------------
--  DDL for Table PERSONAS
--------------------------------------------------------

  CREATE TABLE "INFTEL11_30"."PERSONAS" 
   (	"ID_PERSONA" NUMBER(*,0), 
	"TELEFONO" NUMBER(*,0), 
	"APELLIDO1" VARCHAR2(50 BYTE), 
	"APELLIDO2" VARCHAR2(50 BYTE), 
	"DIRECCION" VARCHAR2(50 BYTE), 
	"LOCALIDAD" VARCHAR2(100 BYTE), 
	"PROVINCIA" VARCHAR2(50 BYTE), 
	"CODPOSTAL" NUMBER(*,0), 
	"FECNACIMIENTO" DATE, 
	"EMAIL" VARCHAR2(50 BYTE), 
	"NOMBRE" VARCHAR2(50 BYTE)
   ) SEGMENT CREATION IMMEDIATE 
  PCTFREE 10 PCTUSED 40 INITRANS 1 MAXTRANS 255 NOCOMPRESS LOGGING
  STORAGE(INITIAL 65536 NEXT 1048576 MINEXTENTS 1 MAXEXTENTS 2147483645
  PCTINCREASE 0 FREELISTS 1 FREELIST GROUPS 1 BUFFER_POOL DEFAULT FLASH_CACHE DEFAULT CELL_FLASH_CACHE DEFAULT)
  TABLESPACE "USERS" ;
--------------------------------------------------------
--  DDL for Table TIPO_INCIDENCIAS
--------------------------------------------------------

  CREATE TABLE "INFTEL11_30"."TIPO_INCIDENCIAS" 
   (	"ID" NUMBER(*,0), 
	"DESCRIPCION" VARCHAR2(200 BYTE)
   ) SEGMENT CREATION IMMEDIATE 
  PCTFREE 10 PCTUSED 40 INITRANS 1 MAXTRANS 255 NOCOMPRESS LOGGING
  STORAGE(INITIAL 65536 NEXT 1048576 MINEXTENTS 1 MAXEXTENTS 2147483645
  PCTINCREASE 0 FREELISTS 1 FREELIST GROUPS 1 BUFFER_POOL DEFAULT FLASH_CACHE DEFAULT CELL_FLASH_CACHE DEFAULT)
  TABLESPACE "USERS" ;
--------------------------------------------------------
--  DDL for Table TURNOS
--------------------------------------------------------

  CREATE TABLE "INFTEL11_30"."TURNOS" 
   (	"TURNO" NUMBER(*,0), 
	"DESCRIPCION" VARCHAR2(200 BYTE)
   ) SEGMENT CREATION IMMEDIATE 
  PCTFREE 10 PCTUSED 40 INITRANS 1 MAXTRANS 255 NOCOMPRESS LOGGING
  STORAGE(INITIAL 65536 NEXT 1048576 MINEXTENTS 1 MAXEXTENTS 2147483645
  PCTINCREASE 0 FREELISTS 1 FREELIST GROUPS 1 BUFFER_POOL DEFAULT FLASH_CACHE DEFAULT CELL_FLASH_CACHE DEFAULT)
  TABLESPACE "USERS" ;
--------------------------------------------------------
--  DDL for Table USUARIOS
--------------------------------------------------------

  CREATE TABLE "INFTEL11_30"."USUARIOS" 
   (	"ID_USUARIO" NUMBER(*,0), 
	"ID_PERSONA" NUMBER(*,0), 
	"IMEI" NUMBER(*,0), 
	"FOTO" BLOB
   ) SEGMENT CREATION IMMEDIATE 
  PCTFREE 10 PCTUSED 40 INITRANS 1 MAXTRANS 255 NOCOMPRESS LOGGING
  STORAGE(INITIAL 65536 NEXT 1048576 MINEXTENTS 1 MAXEXTENTS 2147483645
  PCTINCREASE 0 FREELISTS 1 FREELIST GROUPS 1 BUFFER_POOL DEFAULT FLASH_CACHE DEFAULT CELL_FLASH_CACHE DEFAULT)
  TABLESPACE "USERS" 
 LOB ("FOTO") STORE AS BASICFILE (
  TABLESPACE "USERS" ENABLE STORAGE IN ROW CHUNK 8192 RETENTION 
  NOCACHE LOGGING 
  STORAGE(INITIAL 65536 NEXT 1048576 MINEXTENTS 1 MAXEXTENTS 2147483645
  PCTINCREASE 0 FREELISTS 1 FREELIST GROUPS 1 BUFFER_POOL DEFAULT FLASH_CACHE DEFAULT CELL_FLASH_CACHE DEFAULT)) ;
REM INSERTING into INFTEL11_30.DISPONIBILIDAD
SET DEFINE OFF;
Insert into INFTEL11_30.DISPONIBILIDAD (ID,DESCRIPCION) values ('1','08:00-10:00');
Insert into INFTEL11_30.DISPONIBILIDAD (ID,DESCRIPCION) values ('2','10:00-12:00');
Insert into INFTEL11_30.DISPONIBILIDAD (ID,DESCRIPCION) values ('3','12:00-14:00');
Insert into INFTEL11_30.DISPONIBILIDAD (ID,DESCRIPCION) values ('4','14:00-16:00');
Insert into INFTEL11_30.DISPONIBILIDAD (ID,DESCRIPCION) values ('5','16:00-18:00');
Insert into INFTEL11_30.DISPONIBILIDAD (ID,DESCRIPCION) values ('6','18:00-20:00');
Insert into INFTEL11_30.DISPONIBILIDAD (ID,DESCRIPCION) values ('7','20:00-22:00');
REM INSERTING into INFTEL11_30.EMPLEADOS
SET DEFINE OFF;
Insert into INFTEL11_30.EMPLEADOS (ID_EMPLEADO,ID_PERSONA,ID_TURNO) values ('100','1000','1');
Insert into INFTEL11_30.EMPLEADOS (ID_EMPLEADO,ID_PERSONA,ID_TURNO) values ('110','1001','4');
Insert into INFTEL11_30.EMPLEADOS (ID_EMPLEADO,ID_PERSONA,ID_TURNO) values ('120','1002','7');
REM INSERTING into INFTEL11_30.FAMILIARES
SET DEFINE OFF;
Insert into INFTEL11_30.FAMILIARES (ID_FAMILIAR,ID_USUARIO,ID_DISPONIBILIDAD) values ('401','701','1');
Insert into INFTEL11_30.FAMILIARES (ID_FAMILIAR,ID_USUARIO,ID_DISPONIBILIDAD) values ('402','702','1');
Insert into INFTEL11_30.FAMILIARES (ID_FAMILIAR,ID_USUARIO,ID_DISPONIBILIDAD) values ('403','703','2');
Insert into INFTEL11_30.FAMILIARES (ID_FAMILIAR,ID_USUARIO,ID_DISPONIBILIDAD) values ('404','704','2');
Insert into INFTEL11_30.FAMILIARES (ID_FAMILIAR,ID_USUARIO,ID_DISPONIBILIDAD) values ('405','705','3');
Insert into INFTEL11_30.FAMILIARES (ID_FAMILIAR,ID_USUARIO,ID_DISPONIBILIDAD) values ('406','705','4');
REM INSERTING into INFTEL11_30.INCIDENCIAS
SET DEFINE OFF;
Insert into INFTEL11_30.INCIDENCIAS (INCIDENCIA,FECHA,LONGITUD,LATITUD,ALTITUD,TEMPERATURA,NIVEL_BATERIA,NUM_SATELITES,ID_TINCIDENCIA,ID_USUARIO) values ('1111',to_timestamp('20/01/20 12:00:00,000000000','DD/MM/RR HH24:MI:SS,FF'),'123,035','234,432','111,433','24,54','57','4','2222','701');
Insert into INFTEL11_30.INCIDENCIAS (INCIDENCIA,FECHA,LONGITUD,LATITUD,ALTITUD,TEMPERATURA,NIVEL_BATERIA,NUM_SATELITES,ID_TINCIDENCIA,ID_USUARIO) values ('1112',to_timestamp('20/01/20 12:00:00,000000000','DD/MM/RR HH24:MI:SS,FF'),'23,5','23,42','11,433','30,54','20','4','2223','702');
Insert into INFTEL11_30.INCIDENCIAS (INCIDENCIA,FECHA,LONGITUD,LATITUD,ALTITUD,TEMPERATURA,NIVEL_BATERIA,NUM_SATELITES,ID_TINCIDENCIA,ID_USUARIO) values ('1113',to_timestamp('21/01/20 12:00:00,000000000','DD/MM/RR HH24:MI:SS,FF'),'423,45','534,2','11,43','12,54','10','4','2224','703');
REM INSERTING into INFTEL11_30.PERSONAS
SET DEFINE OFF;
Insert into INFTEL11_30.PERSONAS (ID_PERSONA,TELEFONO,APELLIDO1,APELLIDO2,DIRECCION,LOCALIDAD,PROVINCIA,CODPOSTAL,FECNACIMIENTO,EMAIL,NOMBRE) values ('1','34625837928','Jimenez','Ruiz','C/Murcia 62, 3-2','Almeria','Almeria','4004',to_date('01/01/86','DD/MM/RR'),'ajr_neo@hotmail.com','Alberto');
Insert into INFTEL11_30.PERSONAS (ID_PERSONA,TELEFONO,APELLIDO1,APELLIDO2,DIRECCION,LOCALIDAD,PROVINCIA,CODPOSTAL,FECNACIMIENTO,EMAIL,NOMBRE) values ('6','666111600','Alarcon','Pulido','Avda Marmoles, 4, 5ºC','Malaga','Malaga','29009',to_date('12/07/80','DD/MM/RR'),'alarconpulido@mail.es','Juan');
Insert into INFTEL11_30.PERSONAS (ID_PERSONA,TELEFONO,APELLIDO1,APELLIDO2,DIRECCION,LOCALIDAD,PROVINCIA,CODPOSTAL,FECNACIMIENTO,EMAIL,NOMBRE) values ('7','666111700','Castellon','Alado','Calle Comedias, 3, 3ºB','Malaga','Malaga','29010',to_date('12/06/79','DD/MM/RR'),'castelloalado@mail.es','Antonia');
Insert into INFTEL11_30.PERSONAS (ID_PERSONA,TELEFONO,APELLIDO1,APELLIDO2,DIRECCION,LOCALIDAD,PROVINCIA,CODPOSTAL,FECNACIMIENTO,EMAIL,NOMBRE) values ('8','666111800','Carrasco','Loro','Avda Andalucia, 1','Huelva','Lepe','21440',to_date('12/05/83','DD/MM/RR'),'carrascoloro@mail.es','Fernando');
Insert into INFTEL11_30.PERSONAS (ID_PERSONA,TELEFONO,APELLIDO1,APELLIDO2,DIRECCION,LOCALIDAD,PROVINCIA,CODPOSTAL,FECNACIMIENTO,EMAIL,NOMBRE) values ('9','666111900','Ruiperez','del Águila','Calle Paso, 3','Sevilla','Pruna','23412',to_date('12/04/82','DD/MM/RR'),'ruiperezaguila@mail.es','Ismael');
Insert into INFTEL11_30.PERSONAS (ID_PERSONA,TELEFONO,APELLIDO1,APELLIDO2,DIRECCION,LOCALIDAD,PROVINCIA,CODPOSTAL,FECNACIMIENTO,EMAIL,NOMBRE) values ('10','666222100','López','Garrido','Calle  Arahal, 12','Huelva','Jabugo','21776',to_date('12/03/81','DD/MM/RR'),'lopezgarrido@mail.es','Rosa');
Insert into INFTEL11_30.PERSONAS (ID_PERSONA,TELEFONO,APELLIDO1,APELLIDO2,DIRECCION,LOCALIDAD,PROVINCIA,CODPOSTAL,FECNACIMIENTO,EMAIL,NOMBRE) values ('100','666111100','Rodriguez','Salvado','Avda Carlos Haya, 44, 5ºC','Malaga','Malaga','29009',to_date('12/07/50','DD/MM/RR'),'rodriguezsal@mail.es','Francisco');
Insert into INFTEL11_30.PERSONAS (ID_PERSONA,TELEFONO,APELLIDO1,APELLIDO2,DIRECCION,LOCALIDAD,PROVINCIA,CODPOSTAL,FECNACIMIENTO,EMAIL,NOMBRE) values ('200','666111200','Gonzalez','Casado','Calle Marque de Larios, 4, 2ºB','Malaga','Malaga','29010',to_date('12/06/47','DD/MM/RR'),'gonzalezcasado@mail.es','Josefa');
Insert into INFTEL11_30.PERSONAS (ID_PERSONA,TELEFONO,APELLIDO1,APELLIDO2,DIRECCION,LOCALIDAD,PROVINCIA,CODPOSTAL,FECNACIMIENTO,EMAIL,NOMBRE) values ('300','666111300','Bellido','Marin','Avda Andalucia, 100','Huelva','Lepe','21440',to_date('12/05/48','DD/MM/RR'),'bellidomarin@mail.es','Isabel');
Insert into INFTEL11_30.PERSONAS (ID_PERSONA,TELEFONO,APELLIDO1,APELLIDO2,DIRECCION,LOCALIDAD,PROVINCIA,CODPOSTAL,FECNACIMIENTO,EMAIL,NOMBRE) values ('400','666111400','Garcia','Soldado','Calle de los Santos, 4','Sevilla','Pruna','23412',to_date('12/04/55','DD/MM/RR'),'garciasoldado@mail.es','Manuel');
Insert into INFTEL11_30.PERSONAS (ID_PERSONA,TELEFONO,APELLIDO1,APELLIDO2,DIRECCION,LOCALIDAD,PROVINCIA,CODPOSTAL,FECNACIMIENTO,EMAIL,NOMBRE) values ('500','666222500','Martin','Zafon','Calle Lorca, 22','Huelva','Jabugo','21776',to_date('12/03/46','DD/MM/RR'),'martinzafon@mail.es','Andres');
Insert into INFTEL11_30.PERSONAS (ID_PERSONA,TELEFONO,APELLIDO1,APELLIDO2,DIRECCION,LOCALIDAD,PROVINCIA,CODPOSTAL,FECNACIMIENTO,EMAIL,NOMBRE) values ('1000','666000100','Ruiz','Garrido','Pablo Picasso, 12, 2ºC','Madrid','Madrid','29009',to_date('12/07/70','DD/MM/RR'),'ruizgarrido@mail.es','Carlos');
Insert into INFTEL11_30.PERSONAS (ID_PERSONA,TELEFONO,APELLIDO1,APELLIDO2,DIRECCION,LOCALIDAD,PROVINCIA,CODPOSTAL,FECNACIMIENTO,EMAIL,NOMBRE) values ('1001','666000200','Tejero','Sunto','Avda Reyes Catolicos, 34, 2ºB','Madrid','Madrid','29010',to_date('12/06/77','DD/MM/RR'),'tejerosunto@mail.es','Alfonso');
Insert into INFTEL11_30.PERSONAS (ID_PERSONA,TELEFONO,APELLIDO1,APELLIDO2,DIRECCION,LOCALIDAD,PROVINCIA,CODPOSTAL,FECNACIMIENTO,EMAIL,NOMBRE) values ('1002','666000300','Florencio','Valad','Calle Gongora, 23, 4ºA','Madrid','Mostoles','28800',to_date('12/05/78','DD/MM/RR'),'florenciovalad@mail.es','Maria');
REM INSERTING into INFTEL11_30.TIPO_INCIDENCIAS
SET DEFINE OFF;
Insert into INFTEL11_30.TIPO_INCIDENCIAS (ID,DESCRIPCION) values ('2222','Perdida o extravio');
Insert into INFTEL11_30.TIPO_INCIDENCIAS (ID,DESCRIPCION) values ('2223','Robo');
Insert into INFTEL11_30.TIPO_INCIDENCIAS (ID,DESCRIPCION) values ('2224','Agresion');
Insert into INFTEL11_30.TIPO_INCIDENCIAS (ID,DESCRIPCION) values ('2225','Secuestro');
Insert into INFTEL11_30.TIPO_INCIDENCIAS (ID,DESCRIPCION) values ('2226','Lesion');
Insert into INFTEL11_30.TIPO_INCIDENCIAS (ID,DESCRIPCION) values ('2227','incapacitacion temporal');
Insert into INFTEL11_30.TIPO_INCIDENCIAS (ID,DESCRIPCION) values ('2228','amenaza');
Insert into INFTEL11_30.TIPO_INCIDENCIAS (ID,DESCRIPCION) values ('2229','otros');
REM INSERTING into INFTEL11_30.TURNOS
SET DEFINE OFF;
Insert into INFTEL11_30.TURNOS (TURNO,DESCRIPCION) values ('1','media mañana 08:00-10:00');
Insert into INFTEL11_30.TURNOS (TURNO,DESCRIPCION) values ('2','mañana completa 08:00-14:00');
Insert into INFTEL11_30.TURNOS (TURNO,DESCRIPCION) values ('3','mañana y media tarde 08:00-16:00');
Insert into INFTEL11_30.TURNOS (TURNO,DESCRIPCION) values ('4','completa 08:00-21:00');
Insert into INFTEL11_30.TURNOS (TURNO,DESCRIPCION) values ('5','reducida 10:00-20:00');
Insert into INFTEL11_30.TURNOS (TURNO,DESCRIPCION) values ('6','media tarde 15:00-19:00');
Insert into INFTEL11_30.TURNOS (TURNO,DESCRIPCION) values ('7','tarde completa 15:00-21:00');
REM INSERTING into INFTEL11_30.USUARIOS
SET DEFINE OFF;
Insert into INFTEL11_30.USUARIOS (ID_USUARIO,ID_PERSONA,IMEI) values ('701','100','12345678911111');
Insert into INFTEL11_30.USUARIOS (ID_USUARIO,ID_PERSONA,IMEI) values ('702','200','12345678911222');
Insert into INFTEL11_30.USUARIOS (ID_USUARIO,ID_PERSONA,IMEI) values ('703','300','12345678911333');
Insert into INFTEL11_30.USUARIOS (ID_USUARIO,ID_PERSONA,IMEI) values ('704','400','12345678911444');
Insert into INFTEL11_30.USUARIOS (ID_USUARIO,ID_PERSONA,IMEI) values ('705','500','12345678911555');
--------------------------------------------------------
--  DDL for Index PK_FAMILIAR
--------------------------------------------------------

  CREATE UNIQUE INDEX "INFTEL11_30"."PK_FAMILIAR" ON "INFTEL11_30"."FAMILIARES" ("ID_FAMILIAR") 
  PCTFREE 10 INITRANS 2 MAXTRANS 255 
  STORAGE(INITIAL 65536 NEXT 1048576 MINEXTENTS 1 MAXEXTENTS 2147483645
  PCTINCREASE 0 FREELISTS 1 FREELIST GROUPS 1 BUFFER_POOL DEFAULT FLASH_CACHE DEFAULT CELL_FLASH_CACHE DEFAULT)
  TABLESPACE "USERS" ;
--------------------------------------------------------
--  DDL for Index PK_USUARIO
--------------------------------------------------------

  CREATE UNIQUE INDEX "INFTEL11_30"."PK_USUARIO" ON "INFTEL11_30"."USUARIOS" ("ID_USUARIO") 
  PCTFREE 10 INITRANS 2 MAXTRANS 255 
  STORAGE(INITIAL 65536 NEXT 1048576 MINEXTENTS 1 MAXEXTENTS 2147483645
  PCTINCREASE 0 FREELISTS 1 FREELIST GROUPS 1 BUFFER_POOL DEFAULT FLASH_CACHE DEFAULT CELL_FLASH_CACHE DEFAULT)
  TABLESPACE "USERS" ;
--------------------------------------------------------
--  DDL for Index UNIQUE_IMEI
--------------------------------------------------------

  CREATE UNIQUE INDEX "INFTEL11_30"."UNIQUE_IMEI" ON "INFTEL11_30"."USUARIOS" ("IMEI") 
  PCTFREE 10 INITRANS 2 MAXTRANS 255 
  STORAGE(INITIAL 65536 NEXT 1048576 MINEXTENTS 1 MAXEXTENTS 2147483645
  PCTINCREASE 0 FREELISTS 1 FREELIST GROUPS 1 BUFFER_POOL DEFAULT FLASH_CACHE DEFAULT CELL_FLASH_CACHE DEFAULT)
  TABLESPACE "USERS" ;
--------------------------------------------------------
--  DDL for Index XPKDISPONIBILIDAD
--------------------------------------------------------

  CREATE UNIQUE INDEX "INFTEL11_30"."XPKDISPONIBILIDAD" ON "INFTEL11_30"."DISPONIBILIDAD" ("ID") 
  PCTFREE 10 INITRANS 2 MAXTRANS 255 COMPUTE STATISTICS 
  STORAGE(INITIAL 65536 NEXT 1048576 MINEXTENTS 1 MAXEXTENTS 2147483645
  PCTINCREASE 0 FREELISTS 1 FREELIST GROUPS 1 BUFFER_POOL DEFAULT FLASH_CACHE DEFAULT CELL_FLASH_CACHE DEFAULT)
  TABLESPACE "USERS" ;
--------------------------------------------------------
--  DDL for Index XPKEMPLEADOS
--------------------------------------------------------

  CREATE UNIQUE INDEX "INFTEL11_30"."XPKEMPLEADOS" ON "INFTEL11_30"."EMPLEADOS" ("ID_EMPLEADO") 
  PCTFREE 10 INITRANS 2 MAXTRANS 255 COMPUTE STATISTICS 
  STORAGE(INITIAL 65536 NEXT 1048576 MINEXTENTS 1 MAXEXTENTS 2147483645
  PCTINCREASE 0 FREELISTS 1 FREELIST GROUPS 1 BUFFER_POOL DEFAULT FLASH_CACHE DEFAULT CELL_FLASH_CACHE DEFAULT)
  TABLESPACE "USERS" ;
--------------------------------------------------------
--  DDL for Index XPKINCIDENCIAS
--------------------------------------------------------

  CREATE UNIQUE INDEX "INFTEL11_30"."XPKINCIDENCIAS" ON "INFTEL11_30"."INCIDENCIAS" ("INCIDENCIA") 
  PCTFREE 10 INITRANS 2 MAXTRANS 255 COMPUTE STATISTICS 
  STORAGE(INITIAL 65536 NEXT 1048576 MINEXTENTS 1 MAXEXTENTS 2147483645
  PCTINCREASE 0 FREELISTS 1 FREELIST GROUPS 1 BUFFER_POOL DEFAULT FLASH_CACHE DEFAULT CELL_FLASH_CACHE DEFAULT)
  TABLESPACE "USERS" ;
--------------------------------------------------------
--  DDL for Index XPKPERSONAS
--------------------------------------------------------

  CREATE UNIQUE INDEX "INFTEL11_30"."XPKPERSONAS" ON "INFTEL11_30"."PERSONAS" ("ID_PERSONA") 
  PCTFREE 10 INITRANS 2 MAXTRANS 255 COMPUTE STATISTICS 
  STORAGE(INITIAL 65536 NEXT 1048576 MINEXTENTS 1 MAXEXTENTS 2147483645
  PCTINCREASE 0 FREELISTS 1 FREELIST GROUPS 1 BUFFER_POOL DEFAULT FLASH_CACHE DEFAULT CELL_FLASH_CACHE DEFAULT)
  TABLESPACE "USERS" ;
--------------------------------------------------------
--  DDL for Index XPKTIPO_INCIDENCIAS
--------------------------------------------------------

  CREATE UNIQUE INDEX "INFTEL11_30"."XPKTIPO_INCIDENCIAS" ON "INFTEL11_30"."TIPO_INCIDENCIAS" ("ID") 
  PCTFREE 10 INITRANS 2 MAXTRANS 255 COMPUTE STATISTICS 
  STORAGE(INITIAL 65536 NEXT 1048576 MINEXTENTS 1 MAXEXTENTS 2147483645
  PCTINCREASE 0 FREELISTS 1 FREELIST GROUPS 1 BUFFER_POOL DEFAULT FLASH_CACHE DEFAULT CELL_FLASH_CACHE DEFAULT)
  TABLESPACE "USERS" ;
--------------------------------------------------------
--  DDL for Index XPKTURNOS
--------------------------------------------------------

  CREATE UNIQUE INDEX "INFTEL11_30"."XPKTURNOS" ON "INFTEL11_30"."TURNOS" ("TURNO") 
  PCTFREE 10 INITRANS 2 MAXTRANS 255 COMPUTE STATISTICS 
  STORAGE(INITIAL 65536 NEXT 1048576 MINEXTENTS 1 MAXEXTENTS 2147483645
  PCTINCREASE 0 FREELISTS 1 FREELIST GROUPS 1 BUFFER_POOL DEFAULT FLASH_CACHE DEFAULT CELL_FLASH_CACHE DEFAULT)
  TABLESPACE "USERS" ;
--------------------------------------------------------
--  Constraints for Table DISPONIBILIDAD
--------------------------------------------------------

  ALTER TABLE "INFTEL11_30"."DISPONIBILIDAD" MODIFY ("ID" NOT NULL ENABLE);
 
  ALTER TABLE "INFTEL11_30"."DISPONIBILIDAD" ADD CONSTRAINT "XPKDISPONIBILIDAD" PRIMARY KEY ("ID")
  USING INDEX PCTFREE 10 INITRANS 2 MAXTRANS 255 COMPUTE STATISTICS 
  STORAGE(INITIAL 65536 NEXT 1048576 MINEXTENTS 1 MAXEXTENTS 2147483645
  PCTINCREASE 0 FREELISTS 1 FREELIST GROUPS 1 BUFFER_POOL DEFAULT FLASH_CACHE DEFAULT CELL_FLASH_CACHE DEFAULT)
  TABLESPACE "USERS"  ENABLE;
--------------------------------------------------------
--  Constraints for Table EMPLEADOS
--------------------------------------------------------

  ALTER TABLE "INFTEL11_30"."EMPLEADOS" MODIFY ("ID_EMPLEADO" NOT NULL ENABLE);
 
  ALTER TABLE "INFTEL11_30"."EMPLEADOS" ADD CONSTRAINT "XPKEMPLEADOS" PRIMARY KEY ("ID_EMPLEADO")
  USING INDEX PCTFREE 10 INITRANS 2 MAXTRANS 255 COMPUTE STATISTICS 
  STORAGE(INITIAL 65536 NEXT 1048576 MINEXTENTS 1 MAXEXTENTS 2147483645
  PCTINCREASE 0 FREELISTS 1 FREELIST GROUPS 1 BUFFER_POOL DEFAULT FLASH_CACHE DEFAULT CELL_FLASH_CACHE DEFAULT)
  TABLESPACE "USERS"  ENABLE;
--------------------------------------------------------
--  Constraints for Table FAMILIARES
--------------------------------------------------------

  ALTER TABLE "INFTEL11_30"."FAMILIARES" ADD CONSTRAINT "PK_FAMILIAR" PRIMARY KEY ("ID_FAMILIAR")
  USING INDEX PCTFREE 10 INITRANS 2 MAXTRANS 255 
  STORAGE(INITIAL 65536 NEXT 1048576 MINEXTENTS 1 MAXEXTENTS 2147483645
  PCTINCREASE 0 FREELISTS 1 FREELIST GROUPS 1 BUFFER_POOL DEFAULT FLASH_CACHE DEFAULT CELL_FLASH_CACHE DEFAULT)
  TABLESPACE "USERS"  ENABLE;
--------------------------------------------------------
--  Constraints for Table INCIDENCIAS
--------------------------------------------------------

  ALTER TABLE "INFTEL11_30"."INCIDENCIAS" MODIFY ("INCIDENCIA" NOT NULL ENABLE);
 
  ALTER TABLE "INFTEL11_30"."INCIDENCIAS" ADD CONSTRAINT "XPKINCIDENCIAS" PRIMARY KEY ("INCIDENCIA")
  USING INDEX PCTFREE 10 INITRANS 2 MAXTRANS 255 COMPUTE STATISTICS 
  STORAGE(INITIAL 65536 NEXT 1048576 MINEXTENTS 1 MAXEXTENTS 2147483645
  PCTINCREASE 0 FREELISTS 1 FREELIST GROUPS 1 BUFFER_POOL DEFAULT FLASH_CACHE DEFAULT CELL_FLASH_CACHE DEFAULT)
  TABLESPACE "USERS"  ENABLE;
--------------------------------------------------------
--  Constraints for Table PERSONAS
--------------------------------------------------------

  ALTER TABLE "INFTEL11_30"."PERSONAS" MODIFY ("ID_PERSONA" NOT NULL ENABLE);
 
  ALTER TABLE "INFTEL11_30"."PERSONAS" ADD CONSTRAINT "XPKPERSONAS" PRIMARY KEY ("ID_PERSONA")
  USING INDEX PCTFREE 10 INITRANS 2 MAXTRANS 255 COMPUTE STATISTICS 
  STORAGE(INITIAL 65536 NEXT 1048576 MINEXTENTS 1 MAXEXTENTS 2147483645
  PCTINCREASE 0 FREELISTS 1 FREELIST GROUPS 1 BUFFER_POOL DEFAULT FLASH_CACHE DEFAULT CELL_FLASH_CACHE DEFAULT)
  TABLESPACE "USERS"  ENABLE;
--------------------------------------------------------
--  Constraints for Table TIPO_INCIDENCIAS
--------------------------------------------------------

  ALTER TABLE "INFTEL11_30"."TIPO_INCIDENCIAS" MODIFY ("ID" NOT NULL ENABLE);
 
  ALTER TABLE "INFTEL11_30"."TIPO_INCIDENCIAS" ADD CONSTRAINT "XPKTIPO_INCIDENCIAS" PRIMARY KEY ("ID")
  USING INDEX PCTFREE 10 INITRANS 2 MAXTRANS 255 COMPUTE STATISTICS 
  STORAGE(INITIAL 65536 NEXT 1048576 MINEXTENTS 1 MAXEXTENTS 2147483645
  PCTINCREASE 0 FREELISTS 1 FREELIST GROUPS 1 BUFFER_POOL DEFAULT FLASH_CACHE DEFAULT CELL_FLASH_CACHE DEFAULT)
  TABLESPACE "USERS"  ENABLE;
--------------------------------------------------------
--  Constraints for Table TURNOS
--------------------------------------------------------

  ALTER TABLE "INFTEL11_30"."TURNOS" MODIFY ("TURNO" NOT NULL ENABLE);
 
  ALTER TABLE "INFTEL11_30"."TURNOS" ADD CONSTRAINT "XPKTURNOS" PRIMARY KEY ("TURNO")
  USING INDEX PCTFREE 10 INITRANS 2 MAXTRANS 255 COMPUTE STATISTICS 
  STORAGE(INITIAL 65536 NEXT 1048576 MINEXTENTS 1 MAXEXTENTS 2147483645
  PCTINCREASE 0 FREELISTS 1 FREELIST GROUPS 1 BUFFER_POOL DEFAULT FLASH_CACHE DEFAULT CELL_FLASH_CACHE DEFAULT)
  TABLESPACE "USERS"  ENABLE;
--------------------------------------------------------
--  Constraints for Table USUARIOS
--------------------------------------------------------

  ALTER TABLE "INFTEL11_30"."USUARIOS" ADD CONSTRAINT "PK_USUARIO" PRIMARY KEY ("ID_USUARIO")
  USING INDEX PCTFREE 10 INITRANS 2 MAXTRANS 255 
  STORAGE(INITIAL 65536 NEXT 1048576 MINEXTENTS 1 MAXEXTENTS 2147483645
  PCTINCREASE 0 FREELISTS 1 FREELIST GROUPS 1 BUFFER_POOL DEFAULT FLASH_CACHE DEFAULT CELL_FLASH_CACHE DEFAULT)
  TABLESPACE "USERS"  ENABLE;
 
  ALTER TABLE "INFTEL11_30"."USUARIOS" ADD CONSTRAINT "UNIQUE_IMEI" UNIQUE ("IMEI")
  USING INDEX PCTFREE 10 INITRANS 2 MAXTRANS 255 
  STORAGE(INITIAL 65536 NEXT 1048576 MINEXTENTS 1 MAXEXTENTS 2147483645
  PCTINCREASE 0 FREELISTS 1 FREELIST GROUPS 1 BUFFER_POOL DEFAULT FLASH_CACHE DEFAULT CELL_FLASH_CACHE DEFAULT)
  TABLESPACE "USERS"  ENABLE;

--------------------------------------------------------
--  Ref Constraints for Table EMPLEADOS
--------------------------------------------------------

  ALTER TABLE "INFTEL11_30"."EMPLEADOS" ADD CONSTRAINT "R_7" FOREIGN KEY ("ID_PERSONA")
	  REFERENCES "INFTEL11_30"."PERSONAS" ("ID_PERSONA") ON DELETE SET NULL ENABLE;
 
  ALTER TABLE "INFTEL11_30"."EMPLEADOS" ADD CONSTRAINT "R_8" FOREIGN KEY ("ID_TURNO")
	  REFERENCES "INFTEL11_30"."TURNOS" ("TURNO") ON DELETE SET NULL ENABLE;
--------------------------------------------------------
--  Ref Constraints for Table FAMILIARES
--------------------------------------------------------

  ALTER TABLE "INFTEL11_30"."FAMILIARES" ADD CONSTRAINT "FK_DISPONIBILIDAD" FOREIGN KEY ("ID_DISPONIBILIDAD")
	  REFERENCES "INFTEL11_30"."DISPONIBILIDAD" ("ID") ENABLE;
 
  ALTER TABLE "INFTEL11_30"."FAMILIARES" ADD CONSTRAINT "FK_USUARIO" FOREIGN KEY ("ID_USUARIO")
	  REFERENCES "INFTEL11_30"."USUARIOS" ("ID_USUARIO") ENABLE;
--------------------------------------------------------
--  Ref Constraints for Table INCIDENCIAS
--------------------------------------------------------

  ALTER TABLE "INFTEL11_30"."INCIDENCIAS" ADD CONSTRAINT "FK_USUARIO_INC" FOREIGN KEY ("ID_USUARIO")
	  REFERENCES "INFTEL11_30"."USUARIOS" ("ID_USUARIO") ENABLE;

ALTER TABLE "INFTEL11_30"."INCIDENCIAS" ADD CONSTRAINT "FK_EMPLEADO_INC" FOREIGN KEY ("ID_EMPLEADO")
	  REFERENCES "INFTEL11_30"."USUARIOS" ("ID_USUARIO") ENABLE;
 
  ALTER TABLE "INFTEL11_30"."INCIDENCIAS" ADD CONSTRAINT "R_4" FOREIGN KEY ("ID_TINCIDENCIA")
	  REFERENCES "INFTEL11_30"."TIPO_INCIDENCIAS" ("ID") ON DELETE SET NULL ENABLE;



--------------------------------------------------------
--  Ref Constraints for Table USUARIOS
--------------------------------------------------------

  ALTER TABLE "INFTEL11_30"."USUARIOS" ADD CONSTRAINT "FK_PERSONA" FOREIGN KEY ("ID_PERSONA")
	  REFERENCES "INFTEL11_30"."PERSONAS" ("ID_PERSONA") ENABLE;
