--------------------------------------------------------
--  File created - Saturday-January-28-2012   
--------------------------------------------------------
--------------------------------------------------------
--  DDL for Sequence PERSONAS_SEQUENCE
--------------------------------------------------------

   CREATE SEQUENCE  "INFTEL11_30"."PERSONAS_SEQUENCE"  MINVALUE 1 MAXVALUE 9999999999999999999999999999 INCREMENT BY 1 START WITH 1170 CACHE 20 NOORDER  NOCYCLE ;
--------------------------------------------------------
--  DDL for Sequence SEQUENCE1
--------------------------------------------------------

   CREATE SEQUENCE  "INFTEL11_30"."SEQUENCE1"  MINVALUE 1 MAXVALUE 9999999999999999999999999999 INCREMENT BY 1 START WITH 41 CACHE 20 NOORDER  NOCYCLE ;
--------------------------------------------------------
--  DDL for Table DISPONIBILIDAD
--------------------------------------------------------

  CREATE TABLE "INFTEL11_30"."DISPONIBILIDAD" 
   (	"ID" NUMBER(*,0), 
	"DESCRIPCION" VARCHAR2(200 BYTE)
   ) SEGMENT CREATION IMMEDIATE 
  PCTFREE 10 PCTUSED 40 INITRANS 1 MAXTRANS 255 NOCOMPRESS LOGGING
  STORAGE(INITIAL 65536 NEXT 1048576 MINEXTENTS 1 MAXEXTENTS 2147483645
  PCTINCREASE 0 FREELISTS 1 FREELIST GROUPS 1 BUFFER_POOL DEFAULT FLASH_CACHE DEFAULT CELL_FLASH_CACHE DEFAULT)
  TABLESPACE "USERS" ;
--------------------------------------------------------
--  DDL for Table EMPLEADO
--------------------------------------------------------

  CREATE TABLE "INFTEL11_30"."EMPLEADO" 
   (	"ID_EMPLEADO" NUMBER(*,0), 
	"ID_PERSONA" NUMBER(*,0), 
	"ID_TURNO" NUMBER(*,0), 
	"CONTRASENA" VARCHAR2(100 BYTE), 
	"USUARIO" VARCHAR2(100 BYTE)
   ) SEGMENT CREATION IMMEDIATE 
  PCTFREE 10 PCTUSED 40 INITRANS 1 MAXTRANS 255 NOCOMPRESS LOGGING
  STORAGE(INITIAL 65536 NEXT 1048576 MINEXTENTS 1 MAXEXTENTS 2147483645
  PCTINCREASE 0 FREELISTS 1 FREELIST GROUPS 1 BUFFER_POOL DEFAULT FLASH_CACHE DEFAULT CELL_FLASH_CACHE DEFAULT)
  TABLESPACE "USERS" ;
--------------------------------------------------------
--  DDL for Table FAMILIAR
--------------------------------------------------------

  CREATE TABLE "INFTEL11_30"."FAMILIAR" 
   (	"ID_FAMILIAR" NUMBER(*,0), 
	"ID_USUARIO" NUMBER(*,0), 
	"ID_DISPONIBILIDAD" NUMBER(*,0)
   ) SEGMENT CREATION IMMEDIATE 
  PCTFREE 10 PCTUSED 40 INITRANS 1 MAXTRANS 255 NOCOMPRESS LOGGING
  STORAGE(INITIAL 65536 NEXT 1048576 MINEXTENTS 1 MAXEXTENTS 2147483645
  PCTINCREASE 0 FREELISTS 1 FREELIST GROUPS 1 BUFFER_POOL DEFAULT FLASH_CACHE DEFAULT CELL_FLASH_CACHE DEFAULT)
  TABLESPACE "USERS" ;
--------------------------------------------------------
--  DDL for Table INCIDENCIA
--------------------------------------------------------

  CREATE TABLE "INFTEL11_30"."INCIDENCIA" 
   (	"INCIDENCIA" NUMBER(*,0), 
	"FECHA" TIMESTAMP (6), 
	"LONGITUD" NUMBER(20,10), 
	"LATITUD" NUMBER(20,10), 
	"ALTITUD" NUMBER(20,10), 
	"TEMPERATURA" FLOAT(126), 
	"NIVEL_BATERIA" NUMBER(*,0), 
	"NUM_SATELITES" NUMBER(*,0), 
	"ID_TINCIDENCIA" NUMBER(*,0), 
	"ID_USUARIO" NUMBER(*,0), 
	"ID_EMPLEADO" NUMBER(*,0)
   ) SEGMENT CREATION IMMEDIATE 
  PCTFREE 10 PCTUSED 40 INITRANS 1 MAXTRANS 255 NOCOMPRESS LOGGING
  STORAGE(INITIAL 65536 NEXT 1048576 MINEXTENTS 1 MAXEXTENTS 2147483645
  PCTINCREASE 0 FREELISTS 1 FREELIST GROUPS 1 BUFFER_POOL DEFAULT FLASH_CACHE DEFAULT CELL_FLASH_CACHE DEFAULT)
  TABLESPACE "USERS" ;
--------------------------------------------------------
--  DDL for Table MENSAJE
--------------------------------------------------------

  CREATE TABLE "INFTEL11_30"."MENSAJE" 
   (	"ID_MENSAJE" NUMBER, 
	"ID_USUARIO" NUMBER, 
	"TELEASISTENCIA" NUMBER, 
	"TEXTO" VARCHAR2(255 BYTE), 
	"FECHA" DATE
   ) SEGMENT CREATION IMMEDIATE 
  PCTFREE 10 PCTUSED 40 INITRANS 1 MAXTRANS 255 NOCOMPRESS LOGGING
  STORAGE(INITIAL 65536 NEXT 1048576 MINEXTENTS 1 MAXEXTENTS 2147483645
  PCTINCREASE 0 FREELISTS 1 FREELIST GROUPS 1 BUFFER_POOL DEFAULT FLASH_CACHE DEFAULT CELL_FLASH_CACHE DEFAULT)
  TABLESPACE "USERS" ;
--------------------------------------------------------
--  DDL for Table PERSONA
--------------------------------------------------------

  CREATE TABLE "INFTEL11_30"."PERSONA" 
   (	"ID_PERSONA" NUMBER(*,0), 
	"TELEFONO" NUMBER(*,0), 
	"APELLIDO1" VARCHAR2(50 BYTE), 
	"APELLIDO2" VARCHAR2(50 BYTE), 
	"DIRECCION" VARCHAR2(50 BYTE), 
	"LOCALIDAD" VARCHAR2(100 BYTE), 
	"PROVINCIA" VARCHAR2(50 BYTE), 
	"CODPOSTAL" NUMBER(*,0), 
	"FECNACIMIENTO" DATE, 
	"EMAIL" VARCHAR2(50 BYTE), 
	"NOMBRE" VARCHAR2(50 BYTE)
   ) SEGMENT CREATION IMMEDIATE 
  PCTFREE 10 PCTUSED 40 INITRANS 1 MAXTRANS 255 NOCOMPRESS LOGGING
  STORAGE(INITIAL 65536 NEXT 1048576 MINEXTENTS 1 MAXEXTENTS 2147483645
  PCTINCREASE 0 FREELISTS 1 FREELIST GROUPS 1 BUFFER_POOL DEFAULT FLASH_CACHE DEFAULT CELL_FLASH_CACHE DEFAULT)
  TABLESPACE "USERS" ;
--------------------------------------------------------
--  DDL for Table TIPO_INCIDENCIA
--------------------------------------------------------

  CREATE TABLE "INFTEL11_30"."TIPO_INCIDENCIA" 
   (	"ID" NUMBER(*,0), 
	"DESCRIPCION" VARCHAR2(200 BYTE)
   ) SEGMENT CREATION IMMEDIATE 
  PCTFREE 10 PCTUSED 40 INITRANS 1 MAXTRANS 255 NOCOMPRESS LOGGING
  STORAGE(INITIAL 65536 NEXT 1048576 MINEXTENTS 1 MAXEXTENTS 2147483645
  PCTINCREASE 0 FREELISTS 1 FREELIST GROUPS 1 BUFFER_POOL DEFAULT FLASH_CACHE DEFAULT CELL_FLASH_CACHE DEFAULT)
  TABLESPACE "USERS" ;
--------------------------------------------------------
--  DDL for Table TURNO
--------------------------------------------------------

  CREATE TABLE "INFTEL11_30"."TURNO" 
   (	"TURNO" NUMBER(*,0), 
	"DESCRIPCION" VARCHAR2(200 BYTE)
   ) SEGMENT CREATION IMMEDIATE 
  PCTFREE 10 PCTUSED 40 INITRANS 1 MAXTRANS 255 NOCOMPRESS LOGGING
  STORAGE(INITIAL 65536 NEXT 1048576 MINEXTENTS 1 MAXEXTENTS 2147483645
  PCTINCREASE 0 FREELISTS 1 FREELIST GROUPS 1 BUFFER_POOL DEFAULT FLASH_CACHE DEFAULT CELL_FLASH_CACHE DEFAULT)
  TABLESPACE "USERS" ;
--------------------------------------------------------
--  DDL for Table USUARIO
--------------------------------------------------------

  CREATE TABLE "INFTEL11_30"."USUARIO" 
   (	"ID_USUARIO" NUMBER(*,0), 
	"ID_PERSONA" NUMBER(*,0), 
	"IMEI" NUMBER(*,0), 
	"FOTO" BLOB
   ) SEGMENT CREATION IMMEDIATE 
  PCTFREE 10 PCTUSED 40 INITRANS 1 MAXTRANS 255 NOCOMPRESS LOGGING
  STORAGE(INITIAL 65536 NEXT 1048576 MINEXTENTS 1 MAXEXTENTS 2147483645
  PCTINCREASE 0 FREELISTS 1 FREELIST GROUPS 1 BUFFER_POOL DEFAULT FLASH_CACHE DEFAULT CELL_FLASH_CACHE DEFAULT)
  TABLESPACE "USERS" 
 LOB ("FOTO") STORE AS BASICFILE (
  TABLESPACE "USERS" ENABLE STORAGE IN ROW CHUNK 8192 RETENTION 
  NOCACHE LOGGING 
  STORAGE(INITIAL 65536 NEXT 1048576 MINEXTENTS 1 MAXEXTENTS 2147483645
  PCTINCREASE 0 FREELISTS 1 FREELIST GROUPS 1 BUFFER_POOL DEFAULT FLASH_CACHE DEFAULT CELL_FLASH_CACHE DEFAULT)) ;
REM INSERTING into INFTEL11_30.DISPONIBILIDAD
Insert into INFTEL11_30.DISPONIBILIDAD (ID,DESCRIPCION) values (1,'08:00-10:00');
Insert into INFTEL11_30.DISPONIBILIDAD (ID,DESCRIPCION) values (2,'10:00-12:00');
Insert into INFTEL11_30.DISPONIBILIDAD (ID,DESCRIPCION) values (3,'12:00-14:00');
Insert into INFTEL11_30.DISPONIBILIDAD (ID,DESCRIPCION) values (4,'14:00-16:00');
Insert into INFTEL11_30.DISPONIBILIDAD (ID,DESCRIPCION) values (5,'16:00-18:00');
Insert into INFTEL11_30.DISPONIBILIDAD (ID,DESCRIPCION) values (6,'18:00-20:00');
Insert into INFTEL11_30.DISPONIBILIDAD (ID,DESCRIPCION) values (7,'20:00-22:00');
REM INSERTING into INFTEL11_30.EMPLEADO
Insert into INFTEL11_30.EMPLEADO (ID_EMPLEADO,ID_PERSONA,ID_TURNO,CONTRASENA,USUARIO) values (100,1000,1,'81dc9bdb52d04dc20036dbd8313ed055','admin');
Insert into INFTEL11_30.EMPLEADO (ID_EMPLEADO,ID_PERSONA,ID_TURNO,CONTRASENA,USUARIO) values (110,1001,4,null,null);
Insert into INFTEL11_30.EMPLEADO (ID_EMPLEADO,ID_PERSONA,ID_TURNO,CONTRASENA,USUARIO) values (120,1002,7,null,null);
REM INSERTING into INFTEL11_30.FAMILIAR
Insert into INFTEL11_30.FAMILIAR (ID_FAMILIAR,ID_USUARIO,ID_DISPONIBILIDAD) values (401,701,1);
Insert into INFTEL11_30.FAMILIAR (ID_FAMILIAR,ID_USUARIO,ID_DISPONIBILIDAD) values (402,702,1);
Insert into INFTEL11_30.FAMILIAR (ID_FAMILIAR,ID_USUARIO,ID_DISPONIBILIDAD) values (403,703,2);
Insert into INFTEL11_30.FAMILIAR (ID_FAMILIAR,ID_USUARIO,ID_DISPONIBILIDAD) values (404,704,2);
Insert into INFTEL11_30.FAMILIAR (ID_FAMILIAR,ID_USUARIO,ID_DISPONIBILIDAD) values (405,705,3);
Insert into INFTEL11_30.FAMILIAR (ID_FAMILIAR,ID_USUARIO,ID_DISPONIBILIDAD) values (406,705,4);
REM INSERTING into INFTEL11_30.INCIDENCIA
Insert into INFTEL11_30.INCIDENCIA (INCIDENCIA,FECHA,LONGITUD,LATITUD,ALTITUD,TEMPERATURA,NIVEL_BATERIA,NUM_SATELITES,ID_TINCIDENCIA,ID_USUARIO,ID_EMPLEADO) values (1144,to_timestamp('01-JAN-70 06.36.00.303000000 AM','DD-MON-RR HH.MI.SS.FF AM'),1008052067,38,12002,10,50,null,2222,1078,null);
Insert into INFTEL11_30.INCIDENCIA (INCIDENCIA,FECHA,LONGITUD,LATITUD,ALTITUD,TEMPERATURA,NIVEL_BATERIA,NUM_SATELITES,ID_TINCIDENCIA,ID_USUARIO,ID_EMPLEADO) values (1149,to_timestamp('01-JAN-70 06.35.20.820000000 AM','DD-MON-RR HH.MI.SS.FF AM'),123,36.7,-4.4,24,57,null,2222,1078,null);
Insert into INFTEL11_30.INCIDENCIA (INCIDENCIA,FECHA,LONGITUD,LATITUD,ALTITUD,TEMPERATURA,NIVEL_BATERIA,NUM_SATELITES,ID_TINCIDENCIA,ID_USUARIO,ID_EMPLEADO) values (1147,to_timestamp('01-MAR-70 06.35.20.120000000 AM','DD-MON-RR HH.MI.SS.FF AM'),123,38,111,25,57,null,2222,1078,null);
Insert into INFTEL11_30.INCIDENCIA (INCIDENCIA,FECHA,LONGITUD,LATITUD,ALTITUD,TEMPERATURA,NIVEL_BATERIA,NUM_SATELITES,ID_TINCIDENCIA,ID_USUARIO,ID_EMPLEADO) values (1112,to_timestamp('20-JUN-20 12.00.00.000000000 PM','DD-MON-RR HH.MI.SS.FF AM'),23.5,23.42,11.433,30.54,20,4,2223,702,null);
Insert into INFTEL11_30.INCIDENCIA (INCIDENCIA,FECHA,LONGITUD,LATITUD,ALTITUD,TEMPERATURA,NIVEL_BATERIA,NUM_SATELITES,ID_TINCIDENCIA,ID_USUARIO,ID_EMPLEADO) values (1113,to_timestamp('21-JAN-20 12.00.00.000000000 PM','DD-MON-RR HH.MI.SS.FF AM'),423.45,534.2,11.43,12.54,10,4,2224,1078,null);
Insert into INFTEL11_30.INCIDENCIA (INCIDENCIA,FECHA,LONGITUD,LATITUD,ALTITUD,TEMPERATURA,NIVEL_BATERIA,NUM_SATELITES,ID_TINCIDENCIA,ID_USUARIO,ID_EMPLEADO) values (1165,to_timestamp('01-JAN-70 06.35.20.120000000 AM','DD-MON-RR HH.MI.SS.FF AM'),123,38,111,24,57,null,2222,1163,null);
REM INSERTING into INFTEL11_30.MENSAJE
Insert into INFTEL11_30.MENSAJE (ID_MENSAJE,ID_USUARIO,TELEASISTENCIA,TEXTO,FECHA) values (39,1163,1,'Wenas!',to_date('28-JAN-12','DD-MON-RR'));
Insert into INFTEL11_30.MENSAJE (ID_MENSAJE,ID_USUARIO,TELEASISTENCIA,TEXTO,FECHA) values (40,1163,0,'nas...',to_date('28-JAN-12','DD-MON-RR'));
REM INSERTING into INFTEL11_30.PERSONA
Insert into INFTEL11_30.PERSONA (ID_PERSONA,TELEFONO,APELLIDO1,APELLIDO2,DIRECCION,LOCALIDAD,PROVINCIA,CODPOSTAL,FECNACIMIENTO,EMAIL,NOMBRE) values (1043,34625837928,'Jimenez','Ruiz','C/Murcia 62, 3-2','Almeria','Almeria',4004,to_date('16-JUN-10','DD-MON-RR'),'ajr_neo@hotmail.com','Antonio');
Insert into INFTEL11_30.PERSONA (ID_PERSONA,TELEFONO,APELLIDO1,APELLIDO2,DIRECCION,LOCALIDAD,PROVINCIA,CODPOSTAL,FECNACIMIENTO,EMAIL,NOMBRE) values (1164,34625837928,'Jimenez','Ruiz','C/Murcia 62, 3-2','Almeria','Almeria',4004,to_date('12-JAN-12','DD-MON-RR'),'ajr_neo@hotmail.com','Alberto');
Insert into INFTEL11_30.PERSONA (ID_PERSONA,TELEFONO,APELLIDO1,APELLIDO2,DIRECCION,LOCALIDAD,PROVINCIA,CODPOSTAL,FECNACIMIENTO,EMAIL,NOMBRE) values (1062,34625837928,'Jimenez Jimenez','Ruiz','C/Murcia 62, 3-2','Almeria','Almeria',4004,to_date('25-JAN-12','DD-MON-RR'),'ajr_neo@hotmail.com','Maria');
Insert into INFTEL11_30.PERSONA (ID_PERSONA,TELEFONO,APELLIDO1,APELLIDO2,DIRECCION,LOCALIDAD,PROVINCIA,CODPOSTAL,FECNACIMIENTO,EMAIL,NOMBRE) values (1069,34625837928,'Jimenez Ruiz','Ruiz','C/Murcia 62, 3-2','Almeria','Almeria',4004,to_date('18-JAN-12','DD-MON-RR'),'ajr_neo@hotmail.com','Luis');
Insert into INFTEL11_30.PERSONA (ID_PERSONA,TELEFONO,APELLIDO1,APELLIDO2,DIRECCION,LOCALIDAD,PROVINCIA,CODPOSTAL,FECNACIMIENTO,EMAIL,NOMBRE) values (1073,34625837928,'Jimenez Ruiz','Ruiz','C/Murcia 62, 3-2','Almeria','Almeria',4004,to_date('18-JAN-12','DD-MON-RR'),'ajr_neo@hotmail.com','Julian');
Insert into INFTEL11_30.PERSONA (ID_PERSONA,TELEFONO,APELLIDO1,APELLIDO2,DIRECCION,LOCALIDAD,PROVINCIA,CODPOSTAL,FECNACIMIENTO,EMAIL,NOMBRE) values (1161,34625837928,'Jimenez','Ruiz','C/Murcia 62, 3-2','Almeria','Almeria',4004,to_date('11-JAN-12','DD-MON-RR'),'ajr_neo@hotmail.com','Alberto');
Insert into INFTEL11_30.PERSONA (ID_PERSONA,TELEFONO,APELLIDO1,APELLIDO2,DIRECCION,LOCALIDAD,PROVINCIA,CODPOSTAL,FECNACIMIENTO,EMAIL,NOMBRE) values (6,666111600,'Alarcon','Pulido','Avda Marmoles, 4, 5¼C','Malaga','Malaga',29009,to_date('12-JUL-80','DD-MON-RR'),'alarconpulido@mail.es','Juan');
Insert into INFTEL11_30.PERSONA (ID_PERSONA,TELEFONO,APELLIDO1,APELLIDO2,DIRECCION,LOCALIDAD,PROVINCIA,CODPOSTAL,FECNACIMIENTO,EMAIL,NOMBRE) values (7,666111700,'Castellon','Alado','Calle Comedias, 3, 3¼B','Malaga','Malaga',29010,to_date('12-JUN-79','DD-MON-RR'),'castelloalado@mail.es','Antonia');
Insert into INFTEL11_30.PERSONA (ID_PERSONA,TELEFONO,APELLIDO1,APELLIDO2,DIRECCION,LOCALIDAD,PROVINCIA,CODPOSTAL,FECNACIMIENTO,EMAIL,NOMBRE) values (8,666111800,'Carrasco','Loro','Avda Andalucia, 1','Huelva','Lepe',21440,to_date('12-MAY-83','DD-MON-RR'),'carrascoloro@mail.es','Fernando');
Insert into INFTEL11_30.PERSONA (ID_PERSONA,TELEFONO,APELLIDO1,APELLIDO2,DIRECCION,LOCALIDAD,PROVINCIA,CODPOSTAL,FECNACIMIENTO,EMAIL,NOMBRE) values (9,666111900,'Ruiperez','del çguila','Calle Paso, 3','Sevilla','Pruna',23412,to_date('12-APR-82','DD-MON-RR'),'ruiperezaguila@mail.es','Ismael');
Insert into INFTEL11_30.PERSONA (ID_PERSONA,TELEFONO,APELLIDO1,APELLIDO2,DIRECCION,LOCALIDAD,PROVINCIA,CODPOSTAL,FECNACIMIENTO,EMAIL,NOMBRE) values (10,666222100,'L—pez','Garrido','Calle  Arahal, 12','Huelva','Jabugo',21776,to_date('12-MAR-81','DD-MON-RR'),'lopezgarrido@mail.es','Rosa');
Insert into INFTEL11_30.PERSONA (ID_PERSONA,TELEFONO,APELLIDO1,APELLIDO2,DIRECCION,LOCALIDAD,PROVINCIA,CODPOSTAL,FECNACIMIENTO,EMAIL,NOMBRE) values (100,666111100,'Rodriguez','Salvado','Avda Carlos Haya, 44, 5¼C','Malaga','Malaga',29009,to_date('12-JUL-50','DD-MON-RR'),'rodriguezsal@mail.es','Francisco');
Insert into INFTEL11_30.PERSONA (ID_PERSONA,TELEFONO,APELLIDO1,APELLIDO2,DIRECCION,LOCALIDAD,PROVINCIA,CODPOSTAL,FECNACIMIENTO,EMAIL,NOMBRE) values (200,666111200,'Gonzalez','Casado','Calle Marque de Larios, 4, 2¼B','Malaga','Malaga',29010,to_date('12-JUN-47','DD-MON-RR'),'gonzalezcasado@mail.es','Josefa');
Insert into INFTEL11_30.PERSONA (ID_PERSONA,TELEFONO,APELLIDO1,APELLIDO2,DIRECCION,LOCALIDAD,PROVINCIA,CODPOSTAL,FECNACIMIENTO,EMAIL,NOMBRE) values (300,666111300,'Bellido','Marin','Avda Andalucia, 100','Huelva','Lepe',21440,to_date('12-MAY-48','DD-MON-RR'),'bellidomarin@mail.es','Isabel');
Insert into INFTEL11_30.PERSONA (ID_PERSONA,TELEFONO,APELLIDO1,APELLIDO2,DIRECCION,LOCALIDAD,PROVINCIA,CODPOSTAL,FECNACIMIENTO,EMAIL,NOMBRE) values (400,666111400,'Garcia','Soldado','Calle de los Santos, 4','Sevilla','Pruna',23412,to_date('12-APR-55','DD-MON-RR'),'garciasoldado@mail.es','Manuel');
Insert into INFTEL11_30.PERSONA (ID_PERSONA,TELEFONO,APELLIDO1,APELLIDO2,DIRECCION,LOCALIDAD,PROVINCIA,CODPOSTAL,FECNACIMIENTO,EMAIL,NOMBRE) values (500,666222500,'Martin','Zafon','Calle Lorca, 22','Huelva','Jabugo',21776,to_date('12-MAR-46','DD-MON-RR'),'martinzafon@mail.es','Andres');
Insert into INFTEL11_30.PERSONA (ID_PERSONA,TELEFONO,APELLIDO1,APELLIDO2,DIRECCION,LOCALIDAD,PROVINCIA,CODPOSTAL,FECNACIMIENTO,EMAIL,NOMBRE) values (1000,666000100,'Ruiz','Garrido','Pablo Picasso, 12, 2¼C','Madrid','Madrid',29009,to_date('12-JUL-70','DD-MON-RR'),'ruizgarrido@mail.es','Carlos');
Insert into INFTEL11_30.PERSONA (ID_PERSONA,TELEFONO,APELLIDO1,APELLIDO2,DIRECCION,LOCALIDAD,PROVINCIA,CODPOSTAL,FECNACIMIENTO,EMAIL,NOMBRE) values (1001,666000200,'Tejero','Sunto','Avda Reyes Catolicos, 34, 2¼B','Madrid','Madrid',29010,to_date('12-JUN-77','DD-MON-RR'),'tejerosunto@mail.es','Alfonso');
Insert into INFTEL11_30.PERSONA (ID_PERSONA,TELEFONO,APELLIDO1,APELLIDO2,DIRECCION,LOCALIDAD,PROVINCIA,CODPOSTAL,FECNACIMIENTO,EMAIL,NOMBRE) values (1002,666000300,'Florencio','Valad','Calle Gongora, 23, 4¼A','Madrid','Mostoles',28800,to_date('12-MAY-78','DD-MON-RR'),'florenciovalad@mail.es','Maria');
Insert into INFTEL11_30.PERSONA (ID_PERSONA,TELEFONO,APELLIDO1,APELLIDO2,DIRECCION,LOCALIDAD,PROVINCIA,CODPOSTAL,FECNACIMIENTO,EMAIL,NOMBRE) values (1076,34625837928,'Jimenez Ruiz','Ruiz','C/Murcia 62, 3-2','Almeria','Almeria',4004,to_date('17-JAN-12','DD-MON-RR'),'ajr_neo@hotmail.com','Jesus');
Insert into INFTEL11_30.PERSONA (ID_PERSONA,TELEFONO,APELLIDO1,APELLIDO2,DIRECCION,LOCALIDAD,PROVINCIA,CODPOSTAL,FECNACIMIENTO,EMAIL,NOMBRE) values (1129,34625837928,'Jimenez Ruiz','Ruiz','C/Murcia 62, 3-2','Almeria','Almeria',4004,to_date('25-JAN-12','DD-MON-RR'),'ajr_neo@hotmail.com','Rosana');
Insert into INFTEL11_30.PERSONA (ID_PERSONA,TELEFONO,APELLIDO1,APELLIDO2,DIRECCION,LOCALIDAD,PROVINCIA,CODPOSTAL,FECNACIMIENTO,EMAIL,NOMBRE) values (1079,952000000,'Valls','Vorndran','C\ La Paz','Rincon de la Victoria','Malaga',29730,to_date('19-JAN-12','DD-MON-RR'),'mandisk@gmail.com','Manuel');
REM INSERTING into INFTEL11_30.TIPO_INCIDENCIA
Insert into INFTEL11_30.TIPO_INCIDENCIA (ID,DESCRIPCION) values (2222,'Perdida o extravio');
Insert into INFTEL11_30.TIPO_INCIDENCIA (ID,DESCRIPCION) values (2223,'Robo');
Insert into INFTEL11_30.TIPO_INCIDENCIA (ID,DESCRIPCION) values (2224,'Agresion');
Insert into INFTEL11_30.TIPO_INCIDENCIA (ID,DESCRIPCION) values (2225,'Secuestro');
Insert into INFTEL11_30.TIPO_INCIDENCIA (ID,DESCRIPCION) values (2226,'Lesion');
Insert into INFTEL11_30.TIPO_INCIDENCIA (ID,DESCRIPCION) values (2227,'incapacitacion temporal');
Insert into INFTEL11_30.TIPO_INCIDENCIA (ID,DESCRIPCION) values (2228,'amenaza');
Insert into INFTEL11_30.TIPO_INCIDENCIA (ID,DESCRIPCION) values (2229,'otros');
REM INSERTING into INFTEL11_30.TURNO
Insert into INFTEL11_30.TURNO (TURNO,DESCRIPCION) values (1,'media ma–ana 08:00-10:00');
Insert into INFTEL11_30.TURNO (TURNO,DESCRIPCION) values (2,'ma–ana completa 08:00-14:00');
Insert into INFTEL11_30.TURNO (TURNO,DESCRIPCION) values (3,'ma–ana y media tarde 08:00-16:00');
Insert into INFTEL11_30.TURNO (TURNO,DESCRIPCION) values (4,'completa 08:00-21:00');
Insert into INFTEL11_30.TURNO (TURNO,DESCRIPCION) values (5,'reducida 10:00-20:00');
Insert into INFTEL11_30.TURNO (TURNO,DESCRIPCION) values (6,'media tarde 15:00-19:00');
Insert into INFTEL11_30.TURNO (TURNO,DESCRIPCION) values (7,'tarde completa 15:00-21:00');
REM INSERTING into INFTEL11_30.USUARIO
Insert into INFTEL11_30.USUARIO (ID_USUARIO,ID_PERSONA,IMEI) values (701,100,12345678911111);
Insert into INFTEL11_30.USUARIO (ID_USUARIO,ID_PERSONA,IMEI) values (702,200,12345678911222);
Insert into INFTEL11_30.USUARIO (ID_USUARIO,ID_PERSONA,IMEI) values (703,300,12345678911333);
Insert into INFTEL11_30.USUARIO (ID_USUARIO,ID_PERSONA,IMEI) values (704,400,12345678911444);
Insert into INFTEL11_30.USUARIO (ID_USUARIO,ID_PERSONA,IMEI) values (705,500,12345678911555);
Insert into INFTEL11_30.USUARIO (ID_USUARIO,ID_PERSONA,IMEI) values (1163,1164,1234567855);
Insert into INFTEL11_30.USUARIO (ID_USUARIO,ID_PERSONA,IMEI) values (1160,1161,12345678977);
Insert into INFTEL11_30.USUARIO (ID_USUARIO,ID_PERSONA,IMEI) values (1128,1129,363623627);
Insert into INFTEL11_30.USUARIO (ID_USUARIO,ID_PERSONA,IMEI) values (1075,1076,5674575674);
Insert into INFTEL11_30.USUARIO (ID_USUARIO,ID_PERSONA,IMEI) values (1078,1079,12347686756);
--------------------------------------------------------
--  DDL for Index EMPLEADO_UK1
--------------------------------------------------------

  CREATE UNIQUE INDEX "INFTEL11_30"."EMPLEADO_UK1" ON "INFTEL11_30"."EMPLEADO" ("USUARIO") 
  PCTFREE 10 INITRANS 2 MAXTRANS 255 COMPUTE STATISTICS 
  STORAGE(INITIAL 65536 NEXT 1048576 MINEXTENTS 1 MAXEXTENTS 2147483645
  PCTINCREASE 0 FREELISTS 1 FREELIST GROUPS 1 BUFFER_POOL DEFAULT FLASH_CACHE DEFAULT CELL_FLASH_CACHE DEFAULT)
  TABLESPACE "USERS" ;
--------------------------------------------------------
--  DDL for Index MENSAJE_PK
--------------------------------------------------------

  CREATE UNIQUE INDEX "INFTEL11_30"."MENSAJE_PK" ON "INFTEL11_30"."MENSAJE" ("ID_MENSAJE") 
  PCTFREE 10 INITRANS 2 MAXTRANS 255 COMPUTE STATISTICS 
  STORAGE(INITIAL 65536 NEXT 1048576 MINEXTENTS 1 MAXEXTENTS 2147483645
  PCTINCREASE 0 FREELISTS 1 FREELIST GROUPS 1 BUFFER_POOL DEFAULT FLASH_CACHE DEFAULT CELL_FLASH_CACHE DEFAULT)
  TABLESPACE "USERS" ;
--------------------------------------------------------
--  DDL for Index PK_FAMILIAR
--------------------------------------------------------

  CREATE UNIQUE INDEX "INFTEL11_30"."PK_FAMILIAR" ON "INFTEL11_30"."FAMILIAR" ("ID_FAMILIAR") 
  PCTFREE 10 INITRANS 2 MAXTRANS 255 COMPUTE STATISTICS 
  STORAGE(INITIAL 65536 NEXT 1048576 MINEXTENTS 1 MAXEXTENTS 2147483645
  PCTINCREASE 0 FREELISTS 1 FREELIST GROUPS 1 BUFFER_POOL DEFAULT FLASH_CACHE DEFAULT CELL_FLASH_CACHE DEFAULT)
  TABLESPACE "USERS" ;
--------------------------------------------------------
--  DDL for Index PK_USUARIO
--------------------------------------------------------

  CREATE UNIQUE INDEX "INFTEL11_30"."PK_USUARIO" ON "INFTEL11_30"."USUARIO" ("ID_USUARIO") 
  PCTFREE 10 INITRANS 2 MAXTRANS 255 COMPUTE STATISTICS 
  STORAGE(INITIAL 65536 NEXT 1048576 MINEXTENTS 1 MAXEXTENTS 2147483645
  PCTINCREASE 0 FREELISTS 1 FREELIST GROUPS 1 BUFFER_POOL DEFAULT FLASH_CACHE DEFAULT CELL_FLASH_CACHE DEFAULT)
  TABLESPACE "USERS" ;
--------------------------------------------------------
--  DDL for Index UNIQUE_IMEI
--------------------------------------------------------

  CREATE UNIQUE INDEX "INFTEL11_30"."UNIQUE_IMEI" ON "INFTEL11_30"."USUARIO" ("IMEI") 
  PCTFREE 10 INITRANS 2 MAXTRANS 255 COMPUTE STATISTICS 
  STORAGE(INITIAL 65536 NEXT 1048576 MINEXTENTS 1 MAXEXTENTS 2147483645
  PCTINCREASE 0 FREELISTS 1 FREELIST GROUPS 1 BUFFER_POOL DEFAULT FLASH_CACHE DEFAULT CELL_FLASH_CACHE DEFAULT)
  TABLESPACE "USERS" ;
--------------------------------------------------------
--  DDL for Index XPKDISPONIBILIDAD
--------------------------------------------------------

  CREATE UNIQUE INDEX "INFTEL11_30"."XPKDISPONIBILIDAD" ON "INFTEL11_30"."DISPONIBILIDAD" ("ID") 
  PCTFREE 10 INITRANS 2 MAXTRANS 255 COMPUTE STATISTICS 
  STORAGE(INITIAL 65536 NEXT 1048576 MINEXTENTS 1 MAXEXTENTS 2147483645
  PCTINCREASE 0 FREELISTS 1 FREELIST GROUPS 1 BUFFER_POOL DEFAULT FLASH_CACHE DEFAULT CELL_FLASH_CACHE DEFAULT)
  TABLESPACE "USERS" ;
--------------------------------------------------------
--  DDL for Index XPKEMPLEADOS
--------------------------------------------------------

  CREATE UNIQUE INDEX "INFTEL11_30"."XPKEMPLEADOS" ON "INFTEL11_30"."EMPLEADO" ("ID_EMPLEADO") 
  PCTFREE 10 INITRANS 2 MAXTRANS 255 COMPUTE STATISTICS 
  STORAGE(INITIAL 65536 NEXT 1048576 MINEXTENTS 1 MAXEXTENTS 2147483645
  PCTINCREASE 0 FREELISTS 1 FREELIST GROUPS 1 BUFFER_POOL DEFAULT FLASH_CACHE DEFAULT CELL_FLASH_CACHE DEFAULT)
  TABLESPACE "USERS" ;
--------------------------------------------------------
--  DDL for Index XPKINCIDENCIAS
--------------------------------------------------------

  CREATE UNIQUE INDEX "INFTEL11_30"."XPKINCIDENCIAS" ON "INFTEL11_30"."INCIDENCIA" ("INCIDENCIA") 
  PCTFREE 10 INITRANS 2 MAXTRANS 255 COMPUTE STATISTICS 
  STORAGE(INITIAL 65536 NEXT 1048576 MINEXTENTS 1 MAXEXTENTS 2147483645
  PCTINCREASE 0 FREELISTS 1 FREELIST GROUPS 1 BUFFER_POOL DEFAULT FLASH_CACHE DEFAULT CELL_FLASH_CACHE DEFAULT)
  TABLESPACE "USERS" ;
--------------------------------------------------------
--  DDL for Index XPKPERSONAS
--------------------------------------------------------

  CREATE UNIQUE INDEX "INFTEL11_30"."XPKPERSONAS" ON "INFTEL11_30"."PERSONA" ("ID_PERSONA") 
  PCTFREE 10 INITRANS 2 MAXTRANS 255 COMPUTE STATISTICS 
  STORAGE(INITIAL 65536 NEXT 1048576 MINEXTENTS 1 MAXEXTENTS 2147483645
  PCTINCREASE 0 FREELISTS 1 FREELIST GROUPS 1 BUFFER_POOL DEFAULT FLASH_CACHE DEFAULT CELL_FLASH_CACHE DEFAULT)
  TABLESPACE "USERS" ;
--------------------------------------------------------
--  DDL for Index XPKTIPO_INCIDENCIAS
--------------------------------------------------------

  CREATE UNIQUE INDEX "INFTEL11_30"."XPKTIPO_INCIDENCIAS" ON "INFTEL11_30"."TIPO_INCIDENCIA" ("ID") 
  PCTFREE 10 INITRANS 2 MAXTRANS 255 COMPUTE STATISTICS 
  STORAGE(INITIAL 65536 NEXT 1048576 MINEXTENTS 1 MAXEXTENTS 2147483645
  PCTINCREASE 0 FREELISTS 1 FREELIST GROUPS 1 BUFFER_POOL DEFAULT FLASH_CACHE DEFAULT CELL_FLASH_CACHE DEFAULT)
  TABLESPACE "USERS" ;
--------------------------------------------------------
--  DDL for Index XPKTURNOS
--------------------------------------------------------

  CREATE UNIQUE INDEX "INFTEL11_30"."XPKTURNOS" ON "INFTEL11_30"."TURNO" ("TURNO") 
  PCTFREE 10 INITRANS 2 MAXTRANS 255 COMPUTE STATISTICS 
  STORAGE(INITIAL 65536 NEXT 1048576 MINEXTENTS 1 MAXEXTENTS 2147483645
  PCTINCREASE 0 FREELISTS 1 FREELIST GROUPS 1 BUFFER_POOL DEFAULT FLASH_CACHE DEFAULT CELL_FLASH_CACHE DEFAULT)
  TABLESPACE "USERS" ;
--------------------------------------------------------
--  Constraints for Table DISPONIBILIDAD
--------------------------------------------------------

  ALTER TABLE "INFTEL11_30"."DISPONIBILIDAD" MODIFY ("ID" NOT NULL ENABLE);
 
  ALTER TABLE "INFTEL11_30"."DISPONIBILIDAD" ADD CONSTRAINT "XPKDISPONIBILIDAD" PRIMARY KEY ("ID")
  USING INDEX PCTFREE 10 INITRANS 2 MAXTRANS 255 COMPUTE STATISTICS 
  STORAGE(INITIAL 65536 NEXT 1048576 MINEXTENTS 1 MAXEXTENTS 2147483645
  PCTINCREASE 0 FREELISTS 1 FREELIST GROUPS 1 BUFFER_POOL DEFAULT FLASH_CACHE DEFAULT CELL_FLASH_CACHE DEFAULT)
  TABLESPACE "USERS"  ENABLE;
--------------------------------------------------------
--  Constraints for Table EMPLEADO
--------------------------------------------------------

  ALTER TABLE "INFTEL11_30"."EMPLEADO" MODIFY ("ID_EMPLEADO" NOT NULL ENABLE);
 
  ALTER TABLE "INFTEL11_30"."EMPLEADO" ADD CONSTRAINT "USUARIO_UK" UNIQUE ("USUARIO")
  USING INDEX PCTFREE 10 INITRANS 2 MAXTRANS 255 COMPUTE STATISTICS 
  STORAGE(INITIAL 65536 NEXT 1048576 MINEXTENTS 1 MAXEXTENTS 2147483645
  PCTINCREASE 0 FREELISTS 1 FREELIST GROUPS 1 BUFFER_POOL DEFAULT FLASH_CACHE DEFAULT CELL_FLASH_CACHE DEFAULT)
  TABLESPACE "USERS"  ENABLE;
 
  ALTER TABLE "INFTEL11_30"."EMPLEADO" ADD CONSTRAINT "XPKEMPLEADOS" PRIMARY KEY ("ID_EMPLEADO")
  USING INDEX PCTFREE 10 INITRANS 2 MAXTRANS 255 COMPUTE STATISTICS 
  STORAGE(INITIAL 65536 NEXT 1048576 MINEXTENTS 1 MAXEXTENTS 2147483645
  PCTINCREASE 0 FREELISTS 1 FREELIST GROUPS 1 BUFFER_POOL DEFAULT FLASH_CACHE DEFAULT CELL_FLASH_CACHE DEFAULT)
  TABLESPACE "USERS"  ENABLE;
--------------------------------------------------------
--  Constraints for Table FAMILIAR
--------------------------------------------------------

  ALTER TABLE "INFTEL11_30"."FAMILIAR" ADD CONSTRAINT "PK_FAMILIAR" PRIMARY KEY ("ID_FAMILIAR")
  USING INDEX PCTFREE 10 INITRANS 2 MAXTRANS 255 COMPUTE STATISTICS 
  STORAGE(INITIAL 65536 NEXT 1048576 MINEXTENTS 1 MAXEXTENTS 2147483645
  PCTINCREASE 0 FREELISTS 1 FREELIST GROUPS 1 BUFFER_POOL DEFAULT FLASH_CACHE DEFAULT CELL_FLASH_CACHE DEFAULT)
  TABLESPACE "USERS"  ENABLE;
--------------------------------------------------------
--  Constraints for Table INCIDENCIA
--------------------------------------------------------

  ALTER TABLE "INFTEL11_30"."INCIDENCIA" MODIFY ("INCIDENCIA" NOT NULL ENABLE);
 
  ALTER TABLE "INFTEL11_30"."INCIDENCIA" ADD CONSTRAINT "XPKINCIDENCIAS" PRIMARY KEY ("INCIDENCIA")
  USING INDEX PCTFREE 10 INITRANS 2 MAXTRANS 255 COMPUTE STATISTICS 
  STORAGE(INITIAL 65536 NEXT 1048576 MINEXTENTS 1 MAXEXTENTS 2147483645
  PCTINCREASE 0 FREELISTS 1 FREELIST GROUPS 1 BUFFER_POOL DEFAULT FLASH_CACHE DEFAULT CELL_FLASH_CACHE DEFAULT)
  TABLESPACE "USERS"  ENABLE;
--------------------------------------------------------
--  Constraints for Table MENSAJE
--------------------------------------------------------

  ALTER TABLE "INFTEL11_30"."MENSAJE" ADD CONSTRAINT "MENSAJE_PK" PRIMARY KEY ("ID_MENSAJE")
  USING INDEX PCTFREE 10 INITRANS 2 MAXTRANS 255 COMPUTE STATISTICS 
  STORAGE(INITIAL 65536 NEXT 1048576 MINEXTENTS 1 MAXEXTENTS 2147483645
  PCTINCREASE 0 FREELISTS 1 FREELIST GROUPS 1 BUFFER_POOL DEFAULT FLASH_CACHE DEFAULT CELL_FLASH_CACHE DEFAULT)
  TABLESPACE "USERS"  ENABLE;
 
  ALTER TABLE "INFTEL11_30"."MENSAJE" MODIFY ("ID_MENSAJE" NOT NULL ENABLE);
--------------------------------------------------------
--  Constraints for Table PERSONA
--------------------------------------------------------

  ALTER TABLE "INFTEL11_30"."PERSONA" MODIFY ("ID_PERSONA" NOT NULL ENABLE);
 
  ALTER TABLE "INFTEL11_30"."PERSONA" ADD CONSTRAINT "XPKPERSONAS" PRIMARY KEY ("ID_PERSONA")
  USING INDEX PCTFREE 10 INITRANS 2 MAXTRANS 255 COMPUTE STATISTICS 
  STORAGE(INITIAL 65536 NEXT 1048576 MINEXTENTS 1 MAXEXTENTS 2147483645
  PCTINCREASE 0 FREELISTS 1 FREELIST GROUPS 1 BUFFER_POOL DEFAULT FLASH_CACHE DEFAULT CELL_FLASH_CACHE DEFAULT)
  TABLESPACE "USERS"  ENABLE;
--------------------------------------------------------
--  Constraints for Table TIPO_INCIDENCIA
--------------------------------------------------------

  ALTER TABLE "INFTEL11_30"."TIPO_INCIDENCIA" MODIFY ("ID" NOT NULL ENABLE);
 
  ALTER TABLE "INFTEL11_30"."TIPO_INCIDENCIA" ADD CONSTRAINT "XPKTIPO_INCIDENCIAS" PRIMARY KEY ("ID")
  USING INDEX PCTFREE 10 INITRANS 2 MAXTRANS 255 COMPUTE STATISTICS 
  STORAGE(INITIAL 65536 NEXT 1048576 MINEXTENTS 1 MAXEXTENTS 2147483645
  PCTINCREASE 0 FREELISTS 1 FREELIST GROUPS 1 BUFFER_POOL DEFAULT FLASH_CACHE DEFAULT CELL_FLASH_CACHE DEFAULT)
  TABLESPACE "USERS"  ENABLE;
--------------------------------------------------------
--  Constraints for Table TURNO
--------------------------------------------------------

  ALTER TABLE "INFTEL11_30"."TURNO" MODIFY ("TURNO" NOT NULL ENABLE);
 
  ALTER TABLE "INFTEL11_30"."TURNO" ADD CONSTRAINT "XPKTURNOS" PRIMARY KEY ("TURNO")
  USING INDEX PCTFREE 10 INITRANS 2 MAXTRANS 255 COMPUTE STATISTICS 
  STORAGE(INITIAL 65536 NEXT 1048576 MINEXTENTS 1 MAXEXTENTS 2147483645
  PCTINCREASE 0 FREELISTS 1 FREELIST GROUPS 1 BUFFER_POOL DEFAULT FLASH_CACHE DEFAULT CELL_FLASH_CACHE DEFAULT)
  TABLESPACE "USERS"  ENABLE;
--------------------------------------------------------
--  Constraints for Table USUARIO
--------------------------------------------------------

  ALTER TABLE "INFTEL11_30"."USUARIO" ADD CONSTRAINT "PK_USUARIO" PRIMARY KEY ("ID_USUARIO")
  USING INDEX PCTFREE 10 INITRANS 2 MAXTRANS 255 COMPUTE STATISTICS 
  STORAGE(INITIAL 65536 NEXT 1048576 MINEXTENTS 1 MAXEXTENTS 2147483645
  PCTINCREASE 0 FREELISTS 1 FREELIST GROUPS 1 BUFFER_POOL DEFAULT FLASH_CACHE DEFAULT CELL_FLASH_CACHE DEFAULT)
  TABLESPACE "USERS"  ENABLE;
 
  ALTER TABLE "INFTEL11_30"."USUARIO" ADD CONSTRAINT "UNIQUE_IMEI" UNIQUE ("IMEI")
  USING INDEX PCTFREE 10 INITRANS 2 MAXTRANS 255 COMPUTE STATISTICS 
  STORAGE(INITIAL 65536 NEXT 1048576 MINEXTENTS 1 MAXEXTENTS 2147483645
  PCTINCREASE 0 FREELISTS 1 FREELIST GROUPS 1 BUFFER_POOL DEFAULT FLASH_CACHE DEFAULT CELL_FLASH_CACHE DEFAULT)
  TABLESPACE "USERS"  ENABLE;
--------------------------------------------------------
--  Ref Constraints for Table EMPLEADO
--------------------------------------------------------

  ALTER TABLE "INFTEL11_30"."EMPLEADO" ADD CONSTRAINT "R_7" FOREIGN KEY ("ID_PERSONA")
	  REFERENCES "INFTEL11_30"."PERSONA" ("ID_PERSONA") ON DELETE SET NULL ENABLE;
 
  ALTER TABLE "INFTEL11_30"."EMPLEADO" ADD CONSTRAINT "R_8" FOREIGN KEY ("ID_TURNO")
	  REFERENCES "INFTEL11_30"."TURNO" ("TURNO") ON DELETE SET NULL ENABLE;
--------------------------------------------------------
--  Ref Constraints for Table FAMILIAR
--------------------------------------------------------

  ALTER TABLE "INFTEL11_30"."FAMILIAR" ADD CONSTRAINT "FK_DISPONIBILIDAD" FOREIGN KEY ("ID_DISPONIBILIDAD")
	  REFERENCES "INFTEL11_30"."DISPONIBILIDAD" ("ID") ENABLE;
 
  ALTER TABLE "INFTEL11_30"."FAMILIAR" ADD CONSTRAINT "FK_USUARIO" FOREIGN KEY ("ID_USUARIO")
	  REFERENCES "INFTEL11_30"."USUARIO" ("ID_USUARIO") ENABLE;
--------------------------------------------------------
--  Ref Constraints for Table INCIDENCIA
--------------------------------------------------------

  ALTER TABLE "INFTEL11_30"."INCIDENCIA" ADD CONSTRAINT "FK_EMPLEADO_INC" FOREIGN KEY ("ID_EMPLEADO")
	  REFERENCES "INFTEL11_30"."EMPLEADO" ("ID_EMPLEADO") ENABLE;
 
  ALTER TABLE "INFTEL11_30"."INCIDENCIA" ADD CONSTRAINT "FK_USUARIO_INC" FOREIGN KEY ("ID_USUARIO")
	  REFERENCES "INFTEL11_30"."USUARIO" ("ID_USUARIO") ENABLE;
 
  ALTER TABLE "INFTEL11_30"."INCIDENCIA" ADD CONSTRAINT "R_4" FOREIGN KEY ("ID_TINCIDENCIA")
	  REFERENCES "INFTEL11_30"."TIPO_INCIDENCIA" ("ID") ON DELETE SET NULL ENABLE;
--------------------------------------------------------
--  Ref Constraints for Table USUARIO
--------------------------------------------------------

  ALTER TABLE "INFTEL11_30"."USUARIO" ADD CONSTRAINT "FK_PERSONA" FOREIGN KEY ("ID_PERSONA")
	  REFERENCES "INFTEL11_30"."PERSONA" ("ID_PERSONA") ENABLE;
